team,x,y
team0,0.0,0.0
team0,0.0,0.0
team0,0.0,0.0
team0,1.8279119729995728,38.83416748046875
team0,0.0,0.0
team0,1.639133334159851,38.13946533203125
team0,0.0,0.0
team0,0.9739299416542053,36.74011993408203
team1,0.0,0.0
team1,0.0,0.0
team1,0.0,0.0
team1,0.0,0.0
team1,0.0,0.0
team1,0.0,0.0
team1,0.0,0.0
team1,0.0,0.0
