team,x,y
team0,0.0,0.0
team0,0.0,0.0
team0,0.0,0.0
team0,0.0,0.0
team0,0.0,0.0
team0,0.0,0.0
team0,2.0748088359832764,38.954307556152344
team0,0.0,0.0
team1,0.0,0.0
team1,0.0,0.0
team1,0.0,0.0
team1,0.0,0.0
team1,0.0,0.0
team1,0.0,0.0
team1,0.0,0.0
team1,0.0,0.0
