team,x,y
team0,0.0,0.0
team0,0.0,0.0
team0,0.0,0.0
team0,2.0052480697631836,39.919456481933594
team0,0.0,0.0
team0,2.0216150283813477,38.83174514770508
team0,1.9878793954849243,38.410343170166016
team0,1.9651256799697876,38.101932525634766
team1,0.0,0.0
team1,0.0,0.0
team1,0.0,0.0
team1,0.0,0.0
team1,0.0,0.0
team1,0.0,0.0
team1,0.0,0.0
team1,0.0,0.0
