team,x,y
team0,0.0,0.0
team0,0.0,0.0
team0,0.0,0.0
team0,0.0,0.0
team0,0.0,0.0
team0,1.9379292726516724,38.756980895996094
team0,0.0,0.0
team0,0.0,0.0
team1,0.0,0.0
team1,0.0,0.0
team1,0.0,0.0
team1,0.0,0.0
team1,0.0,0.0
team1,0.0,0.0
team1,0.0,0.0
team1,0.0,0.0
