team,x,y
team0,0.0,0.0
team0,2.067492723464966,39.005680084228516
team0,0.0,0.0
team0,1.5740245580673218,39.11707305908203
team0,0.0,0.0
team0,0.0,0.0
team0,1.9690967798233032,36.121849060058594
team0,1.99741792678833,38.61239242553711
team1,0.0,0.0
team1,0.0,0.0
team1,0.0,0.0
team1,0.0,0.0
team1,0.0,0.0
team1,0.0,0.0
team1,0.0,0.0
team1,0.0,0.0
